{"cameraMode":{"drawMode":0,"name":"Shaded","section":"Shading Mode"},"sceneLighting":true,"audioPlay":false,"sceneViewState":{"showFog":true,"showMaterialUpdate":false,"showSkybox":true,"showFlares":true,"showImageEffects":true,"showParticleSystems":true},"in2DMode":false,"pivot":{"x":-2.368673324584961,"y":0.7056217193603516,"z":2.3298587799072267},"rotation":{"x":-0.09717899560928345,"y":0.8655471801757813,"z":-0.1847650706768036,"w":-0.45524296164512637},"size":10.0,"orthographic":false}