{"cameraMode":{"drawMode":0,"name":"Shaded","section":"Shading Mode"},"sceneLighting":true,"audioPlay":false,"sceneViewState":{"showFog":false,"showMaterialUpdate":false,"showSkybox":false,"showFlares":false,"showImageEffects":false,"showParticleSystems":false},"in2DMode":false,"pivot":{"x":512.000732421875,"y":383.99993896484377,"z":99.16639709472656},"rotation":{"x":-0.04109688475728035,"y":-0.0024339957162737848,"z":0.0011367349652573467,"w":-0.9994173049926758},"size":514.6018676757813,"orthographic":true}