{"cameraMode":{"drawMode":0,"name":"Shaded","section":"Shading Mode"},"sceneLighting":false,"audioPlay":false,"sceneViewState":{"showFog":false,"showMaterialUpdate":false,"showSkybox":false,"showFlares":false,"showImageEffects":false,"showParticleSystems":false},"in2DMode":false,"pivot":{"x":2.9774601459503176,"y":0.18212008476257325,"z":4.2728962898254398},"rotation":{"x":-0.05822134017944336,"y":-0.9218775033950806,"z":0.1542554795742035,"w":-0.35120171308517458},"size":8.191408157348633,"orthographic":true}