{"cameraMode":{"drawMode":0,"name":"Shaded","section":"Shading Mode"},"sceneLighting":false,"audioPlay":false,"sceneViewState":{"showFog":false,"showMaterialUpdate":false,"showSkybox":false,"showFlares":false,"showImageEffects":false,"showParticleSystems":false},"in2DMode":false,"pivot":{"x":0.0,"y":0.17650002241134644,"z":0.0019112247973680497},"rotation":{"x":0.13720467686653138,"y":0.3290041983127594,"z":-0.04875225946307182,"w":0.9332316517829895},"size":0.639771580696106,"orthographic":true}