{"cameraMode":{"drawMode":0,"name":"Shaded","section":"Shading Mode"},"sceneLighting":false,"audioPlay":false,"sceneViewState":{"showFog":false,"showMaterialUpdate":false,"showSkybox":false,"showFlares":false,"showImageEffects":false,"showParticleSystems":false},"in2DMode":false,"pivot":{"x":504.0,"y":0.9946085214614868,"z":375.3326416015625},"rotation":{"x":-0.09966490417718888,"y":0.6195406913757324,"z":-0.07900729775428772,"w":-0.7748491168022156},"size":1.0792253017425538,"orthographic":true}