{"cameraMode":{"drawMode":0,"name":"Shaded","section":"Shading Mode"},"sceneLighting":false,"audioPlay":false,"sceneViewState":{"showFog":false,"showMaterialUpdate":false,"showSkybox":false,"showFlares":false,"showImageEffects":false,"showParticleSystems":false},"in2DMode":false,"pivot":{"x":508.9999084472656,"y":1.1576086282730103,"z":399.98260498046877},"rotation":{"x":0.018052900210022928,"y":0.5370631217956543,"z":-0.011869666166603566,"w":0.843482494354248},"size":1.5648540258407593,"orthographic":true}