{"cameraMode":{"drawMode":0,"name":"Shaded","section":"Shading Mode"},"sceneLighting":false,"audioPlay":false,"sceneViewState":{"showFog":false,"showMaterialUpdate":false,"showSkybox":false,"showFlares":false,"showImageEffects":false,"showParticleSystems":false},"in2DMode":false,"pivot":{"x":497.7300109863281,"y":1.5,"z":388.510009765625},"rotation":{"x":0.000626205001026392,"y":0.9971280097961426,"z":-0.07673785090446472,"w":0.014078215695917607},"size":2.1682522296905519,"orthographic":true}