{"cameraMode":{"drawMode":0,"name":"Shaded","section":"Shading Mode"},"sceneLighting":false,"audioPlay":false,"sceneViewState":{"showFog":false,"showMaterialUpdate":false,"showSkybox":false,"showFlares":false,"showImageEffects":false,"showParticleSystems":false},"in2DMode":false,"pivot":{"x":508.9999084472656,"y":1.1576086282730103,"z":399.98260498046877},"rotation":{"x":-0.07722840458154679,"y":-0.9031479954719544,"z":0.18478800356388093,"w":-0.380260705947876},"size":1.5648540258407593,"orthographic":true}