{"cameraMode":{"drawMode":0,"name":"Shaded","section":"Shading Mode"},"sceneLighting":false,"audioPlay":false,"sceneViewState":{"showFog":false,"showMaterialUpdate":false,"showSkybox":false,"showFlares":false,"showImageEffects":false,"showParticleSystems":false},"in2DMode":false,"pivot":{"x":502.239990234375,"y":0.9946085214614868,"z":375.3326416015625},"rotation":{"x":-0.1316271424293518,"y":-0.012424342334270478,"z":0.0021557470317929985,"w":-0.9914189577102661},"size":0.866025447845459,"orthographic":true}