{"cameraMode":{"drawMode":0,"name":"Shaded","section":"Shading Mode"},"sceneLighting":false,"audioPlay":false,"sceneViewState":{"showFog":false,"showMaterialUpdate":false,"showSkybox":false,"showFlares":false,"showImageEffects":false,"showParticleSystems":false},"in2DMode":false,"pivot":{"x":-0.0004000067710876465,"y":2.130000114440918,"z":0.0},"rotation":{"x":0.00351327913813293,"y":0.15538819134235383,"z":-0.0008426312706433237,"w":0.9880355000495911},"size":0.6423362493515015,"orthographic":true}