{"cameraMode":{"drawMode":0,"name":"Shaded","section":"Shading Mode"},"sceneLighting":false,"audioPlay":false,"sceneViewState":{"showFog":false,"showMaterialUpdate":false,"showSkybox":false,"showFlares":true,"showImageEffects":true,"showParticleSystems":true},"in2DMode":false,"pivot":{"x":-5.162792682647705,"y":-4.325316905975342,"z":-4.857306003570557},"rotation":{"x":0.17867304384708405,"y":0.34853100776672366,"z":-0.06786409765481949,"w":0.9176070690155029},"size":24.14089012145996,"orthographic":false}