{"cameraMode":{"drawMode":0,"name":"Shaded","section":"Shading Mode"},"sceneLighting":false,"audioPlay":false,"sceneViewState":{"showFog":false,"showMaterialUpdate":false,"showSkybox":false,"showFlares":false,"showImageEffects":false,"showParticleSystems":false},"in2DMode":false,"pivot":{"x":5.840000152587891,"y":0.009999990463256836,"z":-6.820000171661377},"rotation":{"x":0.20048348605632783,"y":-0.6683471202850342,"z":0.19425252079963685,"w":0.6895454525947571},"size":1.0677077770233155,"orthographic":true}