{"cameraMode":{"drawMode":0,"name":"Shaded","section":"Shading Mode"},"sceneLighting":true,"audioPlay":false,"sceneViewState":{"showFog":false,"showMaterialUpdate":false,"showSkybox":false,"showFlares":false,"showImageEffects":false,"showParticleSystems":false},"in2DMode":false,"pivot":{"x":607.9000244140625,"y":-13.316686630249024,"z":104.36000061035156},"rotation":{"x":-0.0010114457691088319,"y":0.9937750697135925,"z":-0.11438632011413574,"w":-0.004171883687376976},"size":36.211692810058597,"orthographic":true}