{"cameraMode":{"drawMode":0,"name":"Shaded","section":"Shading Mode"},"sceneLighting":false,"audioPlay":false,"sceneViewState":{"showFog":false,"showMaterialUpdate":false,"showSkybox":false,"showFlares":false,"showImageEffects":false,"showParticleSystems":false},"in2DMode":false,"pivot":{"x":0.00009394064545631409,"y":0.012544222176074982,"z":0.0019112247973680497},"rotation":{"x":0.16013798117637635,"y":0.3179580569267273,"z":-0.05498061701655388,"w":0.933062732219696},"size":0.062066346406936648,"orthographic":true}