{"cameraMode":{"drawMode":0,"name":"Shaded","section":"Shading Mode"},"sceneLighting":false,"audioPlay":false,"sceneViewState":{"showFog":false,"showMaterialUpdate":false,"showSkybox":false,"showFlares":false,"showImageEffects":false,"showParticleSystems":false},"in2DMode":false,"pivot":{"x":500.6952209472656,"y":1.1400001049041749,"z":372.93231201171877},"rotation":{"x":-0.05079594999551773,"y":0.9373899102210999,"z":-0.1521817445755005,"w":-0.3097323775291443},"size":7.189891338348389,"orthographic":true}