{"cameraMode":{"drawMode":0,"name":"Shaded","section":"Shading Mode"},"sceneLighting":false,"audioPlay":false,"sceneViewState":{"showFog":false,"showMaterialUpdate":false,"showSkybox":false,"showFlares":false,"showImageEffects":false,"showParticleSystems":false},"in2DMode":false,"pivot":{"x":0.0004679076373577118,"y":-0.041590139269828799,"z":-0.018963992595672609},"rotation":{"x":0.12947264313697816,"y":0.45262590050697329,"z":-0.0672658160328865,"w":0.8798662424087524},"size":0.47176113724708559,"orthographic":true}