{"cameraMode":{"drawMode":0,"name":"Shaded","section":"Shading Mode"},"sceneLighting":true,"audioPlay":false,"sceneViewState":{"showFog":true,"showMaterialUpdate":false,"showSkybox":true,"showFlares":true,"showImageEffects":true,"showParticleSystems":true},"in2DMode":false,"pivot":{"x":501.0976867675781,"y":1.4999994039535523,"z":381.09832763671877},"rotation":{"x":-0.1496288925409317,"y":0.272604376077652,"z":-0.04296093061566353,"w":-0.9494506120681763},"size":1.8167325258255005,"orthographic":false}